19.193,115.345,8.617,419.71,0,0,1
19.008,111.684,8.521,421.103,0,0,1
18.945,108.787,8.542,423.918,0,0,1
18.927,107.455,8.517,422.676,0,0,1
18.98,105.49,8.458,422.507,0,0,1
18.79,104.389,8.453,423.436,0,0,1
18.787,99.721,8.456,422.83,0,0,1
18.874,100.814,8.445,424.331,0,0,1
19.095,115.659,8.579,423.965,0,0,1
20.88,128.081,8.672,422.105,0,0,1
22.73,144.911,8.789,427.265,0,0,1
22.879,148.926,8.784,428.96,0,0,1
22.195,148.995,8.757,429.178,0,0,1
20.818,139.657,8.752,426.271,0,0,1
20.6,137.532,8.752,427.823,0,0,1
21.271,141.703,8.769,424.731,0,0,1
20.792,133.567,8.77,427.326,0,0,1
20.748,131.938,8.752,427.755,0,0,1
20.034,119.443,8.658,426.091,0,0,1
19.832,114.517,8.57,428.698,0,0,1
19.824,119.493,8.648,428.932,0,0,1
20.115,134.625,8.777,427.253,0,0,1
20.005,138.46,8.768,427.431,0,0,1
19.9,131.255,8.791,427.476,0,0,1
19.732,114.703,8.568,431.174,0,0,1
19.561,110.992,8.606,429.585,0,0,1
19.402,108.434,8.611,429.986,0,0,1
19.341,107.174,8.603,429.481,0,0,1
19.302,110.89,8.587,429.2,0,0,1
19.331,107.457,8.598,428.033,0,0,1
19.209,104.82,8.531,428.958,0,0,1
19.192,104.678,8.535,428.689,0,0,1
19.182,102.016,8.459,429.492,0,0,1
19.036,94.924,8.297,422.056,0,1,0
19.398,105.271,8.485,424.179,0,0,1
19.414,105.326,8.483,424.225,0,0,1
19.636,111.534,8.568,427.844,0,0,1
19.884,114.561,8.563,429.568,0,0,1
19.908,112.972,8.582,428.167,0,0,1
19.441,103.764,8.509,429.451,0,0,1
19.448,103.169,8.541,425.418,0,0,1
19.29,97.222,8.498,424.546,0,1,0
19.316,98.262,8.455,425.187,0,1,0
19.395,103.317,8.515,427.926,0,0,1
19.428,104.397,8.476,425.535,0,0,1
19.297,101.108,8.498,427.427,0,0,1
19.579,107.697,8.526,426.696,0,0,1
19.561,107.813,8.521,425.275,0,0,1
19.254,102.504,8.473,426.521,0,0,1
19.397,97.876,8.467,427.206,0,1,0
19.343,92.898,8.419,428.4,0,1,0
19.218,88.44,8.35,429.345,0,1,0
19.018,85.662,8.277,428.757,0,1,0
18.922,83.988,8.286,429.662,0,1,0
19.125,85.983,8.275,430.762,0,1,0
19.641,95.9,8.421,431.607,0,1,0
19.875,96.973,8.472,430.66,0,1,0
19.75,94.762,8.419,431.164,0,1,0
19.75,97.149,8.432,431.017,0,1,0
19.875,95.788,8.391,432.708,0,1,0
19.625,91.496,8.433,431.244,0,1,0
19.625,89.05,8.349,431.214,0,1,0
20,96.943,8.462,430.341,0,1,0
20.25,100.101,8.496,428.711,0,1,0
20.25,99.213,8.474,431.619,0,1,0
20.25,98.422,8.461,431.646,0,1,0
20,93.374,8.401,431.827,0,1,0
19.625,86.907,8.362,429.595,0,1,0
19.5,80.021,8.223,432.591,0,1,0
19.5,81.274,8.296,433.522,0,1,0
19.5,78.671,7.954,436.569,0,1,0
19.25,71.87,7.868,435.271,0,1,0
19.5,76.188,7.922,430.05,0,1,0
20.5,99.522,8.273,431.251,0,1,0
20.375,96.553,8.252,433.931,0,1,0
20.5,96.963,8.276,432.417,0,1,0
20.5,96.117,8.311,430.085,0,1,0
20.25,91.732,8.24,433.413,0,1,0
20.25,91.742,8.243,433.71,0,1,0
20,86.153,8.136,435.472,0,1,0
20.375,95.899,8.288,433.502,0,1,0
20.375,97.121,8.275,432.583,0,1,0
20.25,91.527,8.249,432.203,0,1,0
20,85.844,8.133,435.907,0,1,0
20.375,95.437,8.277,431.557,0,1,0
20.75,96.66,8.272,429.267,0,1,0
20.75,96.572,8.306,424.549,0,1,0
20.625,95.195,8.279,427.733,0,1,0
20.625,94.797,8.263,423.584,0,1,0
20.625,92.343,8.236,423.206,0,1,0
20.5,91.527,8.21,423.635,0,1,0
20.5,92.288,8.223,423.785,0,1,0
20.5,92.72,8.191,425.999,0,1,0
20.625,94.544,8.281,426.048,0,1,0
20.5,93.842,8.217,428.793,0,1,0
20.5,91.553,8.234,428.501,0,1,0
20.375,92.469,8.235,429.958,0,1,0
20.375,92.337,8.242,429.968,0,1,0
20.4375,90.833,8.193,431.726,0,1,0
20.5,91.268,8.216,428.419,0,1,0
20.5,91.307,8.197,428.878,0,1,0
20.5,90.823,8.223,428.634,0,1,0
20.5,90.734,8.219,428.636,0,1,0
20.5,90.653,8.245,428.818,0,1,0
20.75,98.247,8.302,428.61,0,1,0
20.875,104.429,8.354,430.333,0,0,1
20.625,92.643,8.233,430.003,0,1,0
20.5,89.734,8.206,431.416,0,1,0
20.5,89.421,8.195,428.609,0,1,0
20.5,88.405,8.221,428.33,0,1,0
20.5,90.366,8.235,429.042,0,1,0
20.5,90.055,8.208,429.332,0,1,0
20.625,91.932,8.194,427.052,0,1,0
20.875,91.739,8.193,418.167,0,1,0
20.875,91.184,8.197,416.911,0,1,0
20.875,91.106,8.205,418.534,0,1,0
21.125,98.264,8.289,420.253,0,1,0
21.5,100.538,8.27,421.112,0,1,0
22,102.727,8.258,423.166,0,1,0
22.375,109.796,8.333,417.228,0,0,1
22.25,113.479,8.435,419.382,0,0,1
22.25,112.097,8.424,418.116,0,0,1
22,107.26,8.356,418.115,0,0,1
21.75,103.209,8.36,419.653,0,1,0
21.625,102.327,8.318,421.585,0,1,0
21.5,101.448,8.351,417.363,0,1,0
21.5,101.643,8.344,421.347,0,1,0
21.625,107.594,8.392,429.009,0,0,1
21.75,119.463,8.518,429.925,0,0,1
22.125,131.321,8.607,428.319,0,0,1
22.25,136.782,8.632,426.096,0,0,1
21.875,127.047,8.541,427.355,0,0,1
21.75,121.351,8.558,425.529,0,0,1
22.375,131.821,8.622,424.418,0,0,1
22.5,133.466,8.638,425.782,0,0,1
22.5,128.462,8.564,427.156,0,0,1
21.625,101.701,8.338,422.021,0,1,0
21.5,96.281,8.262,422.132,0,1,0
21.375,97.651,8.312,425.068,0,1,0
21.25,91.119,8.198,423.66,0,1,0
21.375,98.392,8.273,423.169,0,1,0
21.125,89.161,8.211,426.778,0,1,0
21.75,114.827,8.488,420.27,0,0,1
21.75,115.946,8.471,425.708,0,0,1
21.375,99.366,8.296,427.841,0,1,0
21.125,88.463,8.191,428.216,0,1,0
21.125,87.522,8.233,427.013,0,1,0
22.25,117.216,8.585,422.797,0,0,1
22.5,118.805,8.635,426.952,0,0,1
22.375,113.022,8.582,424.594,0,0,1
22.375,112.505,8.579,421.142,0,0,1
22.5,116.364,8.635,418.654,0,0,1
22.25,113.829,8.516,419.757,0,0,1
22.25,112.777,8.548,420.876,0,0,1
22,110.184,8.474,417.2,0,0,1
22,112.974,8.55,415.502,0,0,1
21.875,101.333,8.398,423.805,0,1,0
21.375,83.912,8.23,424.653,0,1,0
21,76.188,8.11,425.282,0,1,0
20.625,69.704,8.047,423.525,0,1,0
20.75,69.386,8.056,426.001,0,1,0
20.875,72.266,8.044,425.896,0,1,0
21.25,75.295,8.07,423.205,0,1,0
21.375,82.182,8.172,418.494,0,1,0
21.5,80.366,8.158,414.706,0,1,0
21.625,89.026,8.337,416.234,0,1,0
21.625,88.713,8.361,415.145,0,1,0
21.75,94.966,8.421,413.692,0,1,0
21.75,90.699,8.431,413.112,0,1,0
21.75,90.382,8.384,415.547,0,1,0
22.125,86.127,8.416,403.286,0,1,0
22.125,82.823,8.333,401.3,0,1,0
22.125,81.958,8.321,401.208,0,1,0
22.125,81.938,8.335,398.677,0,1,0
22.125,81.424,8.33,404.106,0,1,0
22.125,81.892,8.288,408.28,0,1,0
22,86.988,8.301,413.956,0,1,0
22.125,89.475,8.35,412.022,0,1,0
22.0625,90.354,8.352,411.441,0,1,0
22,88.474,8.26,411.743,0,1,0
22,85.688,8.293,405.298,0,1,0
22,85.196,8.218,404.312,0,1,0
21.875,84.78,8.195,406.931,0,1,0
21.8125,83.571,8.233,401.396,0,1,0
21.625,83.469,8.231,405.924,0,1,0
21.625,81.913,8.195,406.408,0,1,0
21.5,81.132,8.211,406.921,0,1,0
21.375,79.306,8.144,405.522,0,1,0
21.375,81.062,8.189,406.221,0,1,0
21.3125,79.275,8.222,405.685,0,1,0
21.25,82.657,8.237,403.976,0,1,0
21.5625,81.664,8.213,403.318,0,1,0
22.25,78.719,8.213,402.925,0,1,0
21.25,79.689,8.243,400.084,0,1,0
22.0625,77.197,8.193,401.8,0,1,0
21.75,77.824,8.132,400.939,0,1,0
21.125,77.667,8.134,402.434,0,1,0
21.75,77.783,8.23,401.771,0,1,0
21.6875,79.182,8.149,397.049,0,1,0
21,74.466,8.153,390.313,0,1,0
21,77.771,8.131,395.68,0,1,0
21,78.003,8.139,392.281,0,1,0
21,81.671,8.153,391.433,0,1,0
21.125,81.174,8.284,386.228,0,1,0
21.9375,87.92,8.281,391.063,0,1,0
21.875,86.027,8.228,388.657,0,1,0
22,78.115,8.127,383.722,0,1,0
22.3125,77.563,8.068,384.804,0,1,0
20.875,75.898,8.115,384.248,0,1,0
21.9375,78.276,8.154,387.401,0,1,0
21.75,76.662,8.148,386.472,0,1,0
20.75,72.402,8.09,380.34,0,1,0
21.125,78.136,8.209,376.503,0,1,0
22.5,92.549,8.325,378.184,0,1,0
23.125,104.027,8.473,381.563,0,1,0
22.5,101.085,8.4,373.582,0,1,0
22.75,101.081,8.388,373.252,0,1,0
22.5,94.167,8.374,362.389,0,1,0
22,85.56,8.302,370.402,0,1,0
21.375,78.23,8.216,405.492,0,1,0
21.875,89.197,8.363,395.832,0,1,0
21.375,89.483,8.379,397.567,0,1,0
21.25,81.822,8.355,394.483,0,1,0
20.75,61.502,8.026,384.862,0,1,0
20.625,62.46,8.021,389.897,0,1,0
20.75,69.88,8.046,384.616,0,1,0
20.875,73.333,8.136,386.745,0,1,0
21.25,100.317,8.412,389.583,0,1,0
21.875,105.561,8.439,391.287,0,0,1
22,108.904,8.447,389.546,0,0,1
22.125,113.31,8.558,383.393,0,0,1
22.25,118.233,8.672,379.901,0,0,1
22.25,118.288,8.675,387.87,0,0,1
22.25,117.31,8.62,386.104,0,0,1
22,107.695,8.534,389.833,0,0,1
22,111.53,8.561,389.026,0,0,1
21.625,89.289,8.255,390.79,0,1,0
20.625,64.426,7.93,388.975,0,1,0
20.75,67.208,7.978,390.021,0,1,0
21.625,101.101,8.415,399.716,0,1,0
22.125,94.382,8.331,396.162,0,1,0
22.875,128.585,8.672,386.123,0,0,1
22.875,122.99,8.64,381.426,0,0,1
22.5,106.724,8.448,385.201,0,0,1
22.5,105.137,8.425,383.464,0,1,0
22.5,108.361,8.442,384.514,0,0,1
22.375,96.73,8.373,384.223,0,1,0
22.375,114.545,8.518,396.804,0,0,1
22,95.373,8.336,399.625,0,1,0
20.875,67.935,8.047,398.743,0,1,0
20.75,63.608,7.948,394.537,0,1,0
22.875,140.903,8.724,393.542,0,0,1
22.875,133.938,8.644,391.35,0,0,1
23.875,137.005,8.758,391.385,0,0,1
23.375,126.867,8.63,400.761,0,0,1
22.5,99.088,8.381,397.379,0,1,0
22.375,105.381,8.471,394.001,0,1,0
22.375,109.099,8.404,392.516,0,0,1
22.25,104.339,8.431,409.904,0,1,0
22.125,98.847,8.324,408.665,0,1,0
21,72.166,8.061,406.488,0,1,0
20.736,67.499,7.978,405.799,0,1,0
21.819,106.056,8.472,405.5,0,0,1
22.422,111.056,8.465,398.169,0,0,1
23.091,137.846,8.715,390.917,0,0,1
22.831,128.173,8.649,391.662,0,0,1
22.649,117.641,8.567,388.253,0,0,1
22.208,95.104,8.328,392.769,0,1,0
21.12,68.539,8.055,394.53,0,1,0
20.599,49.27,7.874,394.129,0,1,0
20.345,42.931,7.81,384.831,1,0,0
20.413,46.646,7.817,391.677,0,1,0
20.618,53.978,7.843,375.641,0,1,0
20.397,48.793,7.818,395.815,0,1,0
20.73,57.284,7.896,395.537,0,1,0
20.832,54.21,7.855,390.571,0,1,0
21.067,59.45,7.899,384.376,0,1,0
21.422,69.284,8.01,391.763,0,1,0
20.675,49.27,7.789,380.402,0,1,0
20.275,43.892,7.768,373.569,1,0,0
20.366,41.669,7.735,370.086,1,0,0
20.032,33.907,7.679,369.294,1,0,0
21.058,53.922,7.87,384.148,0,1,0
21.455,65.778,7.994,380.106,0,1,0
21,55.459,7.892,381.833,0,1,0
20.905,62.713,7.95,373.045,0,1,0
21.286,67.709,7.974,374.453,0,1,0
21.992,85.999,8.254,379.65,0,1,0
22,79.297,8.158,379.038,0,1,0
21.926,79.949,8.199,380.816,0,1,0
21.789,74.751,8.093,377.115,0,1,0
21.845,77.105,8.08,374.376,0,1,0
21.762,77.494,8.182,378.827,0,1,0
21.83,79.272,8.178,378.778,0,1,0
21.687,77.146,8.144,379.762,0,1,0
21.721,75.226,8.068,376.736,0,1,0
22.116,93.735,8.316,381.814,0,1,0
22.34,98.783,8.418,379.792,0,1,0
22.808,111.875,8.543,379.332,0,0,1
23.327,120.483,8.583,378.521,0,0,1
23.542,129.29,8.683,377.157,0,0,1
23.173,118.565,8.579,379.343,0,0,1
23.24,116.812,8.579,378.713,0,0,1
22.646,97.422,8.403,378.168,0,1,0
22.38,88.967,8.256,379.804,0,1,0
22.4,87.336,8.312,375.569,0,1,0
22.534,94.383,8.341,377.099,0,1,0
22.52,89.382,8.313,376.981,0,1,0
22.182,75.858,8.157,375.521,0,1,0
21.933,72.384,8.079,376.203,0,1,0
21.711,68.489,8.037,375.202,0,1,0
21.558,56.715,7.88,368.724,0,1,0
20.899,41.201,7.771,357.34,1,0,0
21.206,46.726,7.789,360.51,0,1,0
21.038,42.578,7.81,361.302,1,0,0
20.778,42.09,7.778,367.437,1,0,0
20.633,35.948,7.719,366.569,1,0,0
21.847,65.23,8.036,373.351,0,1,0
22.597,75.534,8.137,369.703,0,1,0
22.595,76.72,8.176,367.355,0,1,0
22.616,76.867,8.207,369.896,0,1,0
22.725,82.298,8.24,369.532,0,1,0
22.975,88.251,8.357,369.436,0,1,0
23.009,91.79,8.321,373.843,0,1,0
23.118,96.123,8.423,373.256,0,1,0
23.073,98.768,8.469,370.55,0,1,0
22.903,93.677,8.375,371.84,0,1,0
22.879,92.581,8.383,371.456,0,1,0
22.967,90.339,8.367,368.896,0,1,0
22.921,88.906,8.314,370.357,0,1,0
22.779,88.826,8.324,373.652,0,1,0
22.858,89.765,8.335,373.835,0,1,0
22.895,88.453,8.31,372.411,0,1,0
22.97,93.935,8.342,373.321,0,1,0
23.054,98.706,8.438,375.118,0,1,0
23.412,103.597,8.53,370.141,0,1,0
23.12,95.718,8.403,375.659,0,1,0
23.095,86.968,8.365,375.088,0,1,0
22.781,78.496,8.218,372.766,0,1,0
23.153,87.123,8.292,370.616,0,1,0
23.247,86.438,8.298,370.496,0,1,0
23.032,85.411,8.295,371.929,0,1,0
22.522,66.249,8.027,370.315,0,1,0
22.626,68.959,8.085,370.112,0,1,0
22.631,68.879,8.081,371.016,0,1,0
22.767,71.785,8.109,368.322,0,1,0
22.696,64.95,8.019,369.062,0,1,0
22.821,68.292,8.114,371.112,0,1,0
22.638,64.24,8.003,372.847,0,1,0
22.839,70.145,8.069,371.613,0,1,0
22.925,72.215,8.07,371.402,0,1,0
22.827,67.154,8.076,369.372,0,1,0
22.993,71.372,8.086,371.592,0,1,0
22.918,68.739,8.078,370.809,0,1,0
23.194,76.914,8.134,370.693,0,1,0
23.725,87.684,8.344,368.487,0,1,0
23.547,85.072,8.285,370.531,0,1,0
23.435,82.848,8.208,371.839,0,1,0
23.304,76.716,8.184,368.565,0,1,0
23.024,70.655,8.117,370.376,0,1,0
23.117,70.778,8.081,371.761,0,1,0
23.263,74.695,8.147,371.123,0,1,0
23.595,83.51,8.268,370.967,0,1,0
23.804,91.923,8.313,371.904,0,1,0
23.963,92.517,8.428,368.374,0,1,0
23.906,91.502,8.35,368.366,0,1,0
23.783,90.339,8.346,369.052,0,1,0
23.735,86.55,8.256,371.898,0,1,0
23.663,85.67,8.255,370.879,0,1,0
23.843,82.141,8.197,370.009,0,1,0
23.807,87.853,8.289,367.705,0,1,0
23.899,91.091,8.27,371.716,0,1,0
24.37,98.707,8.393,368.451,0,1,0
24.179,93.917,8.344,368.093,0,1,0
24.077,92.34,8.332,366.706,0,1,0
23.97,91.243,8.333,369.765,0,1,0
23.88,89.509,8.335,369.129,0,1,0
23.929,88.854,8.325,369.492,0,1,0
23.877,89.472,8.348,369.124,0,1,0
23.915,87.038,8.365,368.685,0,1,0
23.938,85.817,8.286,366.737,0,1,0
24.084,90.092,8.358,367.484,0,1,0
24.434,97.004,8.395,367.635,0,1,0
24.36,94.077,8.333,367.844,0,1,0
24.586,104.82,8.49,365.958,0,1,0
24.469,100.734,8.499,365.658,0,1,0
24.441,97.281,8.443,368.061,0,1,0
24.271,95.168,8.423,369.016,0,1,0
24.165,90.972,8.371,368.321,0,1,0
23.786,78.433,8.196,370.952,0,1,0
23.701,73.073,8.177,369.408,0,1,0
24.065,82.599,8.3,368.371,0,1,0
24.451,93.843,8.41,369.103,0,1,0
24.47,96.446,8.469,369.969,0,1,0
24.811,98.59,8.51,366.575,0,1,0
24.783,94.774,8.495,368.523,0,1,0
24.759,99.714,8.447,371.84,0,1,0
24.839,92.155,8.494,368.573,0,1,0
24.675,89.437,8.489,369.396,0,1,0
24.644,96.009,8.415,368.994,0,1,0
24.609,94.034,8.399,369.6,0,1,0
24.276,85.237,8.282,368.816,0,1,0
24.342,85.984,8.313,371.168,0,1,0
24.384,89.682,8.382,369.423,0,1,0
24.662,93.875,8.423,367.825,0,1,0
24.75,96.795,8.248,370.611,0,1,0
24.5,87.495,8.117,370.612,0,1,0
24.875,96.802,8.141,370.182,0,1,0
24.75,97.694,8.219,368.358,0,1,0
24.75,99.268,8.198,369.285,0,1,0
24.875,100.313,8.293,366.775,0,1,0
24.875,101.163,8.271,367.41,0,1,0
24.875,99.319,8.273,369.535,0,1,0
24.875,97.547,8.267,369.557,0,1,0
24.875,96.389,8.205,369.226,0,1,0
25,101.543,8.258,368.199,0,1,0
24.875,98.346,8.228,365.488,0,1,0
24.875,97.146,8.209,365.365,0,1,0
24.875,93.662,8.138,365.806,0,1,0
24.875,96.091,8.2,364.127,0,1,0
24.8125,96.728,8.205,365.708,0,1,0
24.75,98.258,8.191,369.981,0,1,0
25.375,96.425,8.223,367.283,0,1,0
25.3125,94.614,8.206,366.169,0,1,0
25.25,92.056,8.173,363.539,0,1,0
25.1875,92.097,8.138,365.23,0,1,0
24.625,91.169,8.138,366.052,0,1,0
24.625,92.428,8.191,366.706,0,1,0
25,102.326,8.311,362.895,0,1,0
25.375,111.004,8.427,362.69,0,1,0
26.125,120.013,8.496,363.067,0,0,1
26.375,125.267,8.534,364.607,0,0,1
26.5,127.312,8.502,366.959,0,0,1
26.375,122.576,8.49,364.581,0,0,1
25.875,110.668,8.432,364.567,0,1,0
25.75,109.41,8.385,367.162,0,1,0
25.625,112.053,8.419,365.456,0,0,1
25.5,108.807,8.389,367.357,0,1,0
25.375,106.643,8.329,368.333,0,1,0
25.5,109.344,8.404,364.089,0,1,0
25.5,108.156,8.383,365.524,0,1,0
25.625,116.083,8.463,367.789,0,0,1
25.75,128.905,8.562,363.682,0,0,1
26.875,129.691,8.542,366.82,0,0,1
27,137.304,8.616,362.808,0,0,1
27.125,156.637,8.725,359.812,0,0,1
27,135.036,8.617,361.795,0,0,1
26.875,136.594,8.636,362.227,0,0,1
26.375,128.819,8.55,362.409,0,0,1
26.125,129.365,8.502,365.088,0,0,1
26,121.963,8.487,362.495,0,0,1
26,120.077,8.543,363.415,0,0,1
26.75,144.644,8.683,362.137,0,0,1
27.125,162.692,8.8,358,0,0,1
27.625,157.566,8.705,363.842,0,0,1
27.375,167.565,8.809,358.707,0,0,1
27.125,159.512,8.716,361.327,0,0,1
27,136.599,8.638,363.598,0,0,1
25.625,101.429,8.326,367.115,0,1,0
24.5,69.78,7.907,369.48,0,1,0
24.5,68.637,7.846,369.336,0,1,0
24.75,82.503,8.017,369.705,0,1,0
24.875,87.402,8.151,366.742,0,1,0
24.75,84.856,8.083,369.155,0,1,0
25,90.866,8.196,368.135,0,1,0
25.125,93.713,8.202,366.093,0,1,0
26.25,112.907,8.403,366.669,0,1,0
26.375,119.427,8.446,365.874,0,0,1
26.5,128.878,8.525,367.345,0,0,1
26.5,128.864,8.529,364.042,0,0,1
26.25,116.312,8.465,364.091,0,0,1
26.125,114.385,8.463,363.891,0,0,1
25.875,100.029,8.369,365.676,0,1,0
25.25,91.449,8.242,363.978,0,1,0
25.875,111.752,8.412,364.162,0,1,0
25.875,113.672,8.478,365.339,0,0,1
26.5,129.098,8.579,365.102,0,0,1
26.125,126.953,8.569,365.408,0,0,1
26.125,128.429,8.614,360.421,0,0,1
26.25,124.959,8.504,367.534,0,0,1
26.875,139.038,8.654,360.075,0,0,1
26.875,133.104,8.623,363.177,0,0,1
27.125,140.367,8.699,361.556,0,0,1
27.125,136.993,8.652,362.143,0,0,1
26.875,131.168,8.564,363.387,0,0,1
26.25,108.154,8.426,364.117,0,1,0
26,102.014,8.367,365.788,0,1,0
25.5,80.915,8.166,367.46,0,1,0
25.25,80.868,8.084,362.815,0,1,0
25.875,96.994,8.306,365.32,0,1,0
27,132.283,8.572,365.413,0,0,1
27.125,148.602,8.747,359.14,0,0,1
26.625,130.352,8.596,359.312,0,0,1
26,102.124,8.367,361.488,0,1,0
25.625,82.558,8.169,363.423,0,1,0
25.5,80.041,8.089,364.005,0,1,0
25.75,87.12,8.14,365.084,0,1,0
26,107.525,8.435,363.493,0,1,0
25.875,100.328,8.364,363.716,0,1,0
25.75,90.2,8.228,362.134,0,1,0
25.5,81.165,8.164,365.238,0,1,0
25.5,82.197,8.147,363.042,0,1,0
25.25,74.658,8.006,367.695,0,1,0
25.25,66.387,7.887,364.286,0,1,0
25.125,65.032,7.903,365.001,0,1,0
25,56.503,7.758,365.817,0,1,0
25,55.153,7.724,367.642,0,1,0
25,42.428,7.652,365.975,1,0,0
25,58.371,7.755,365.129,0,1,0
25.25,74.053,7.976,367.795,0,1,0
25.625,79.651,8.115,363.416,0,1,0
26.125,102.406,8.461,363.265,0,1,0
26.5,108.653,8.463,362.775,0,1,0
28.125,124.072,8.68,359.496,0,0,1
27.375,133.229,8.655,359.578,0,0,1
30.125,143.239,8.785,357.167,0,0,1
29.125,159.488,8.832,355.589,0,0,1
28.375,151.957,8.793,353.321,0,0,1
27.625,133.801,8.739,354.147,0,0,1
27.375,129.35,8.652,357.901,0,0,1
27.75,130.413,8.655,356.696,0,0,1
27.625,128.506,8.647,358.888,0,0,1
27.625,126.805,8.653,356.312,0,0,1
27.5,126.899,8.642,357.319,0,0,1
27.375,126.628,8.633,357.826,0,0,1
27.375,131.438,8.748,355.929,0,0,1
27.75,140.565,8.798,356.069,0,0,1
28.125,151.997,8.837,357.279,0,0,1
28.125,151.675,8.818,355.269,0,0,1
28.125,146.849,8.842,354.707,0,0,1
28,141.328,8.779,354.481,0,0,1
27.875,138.974,8.788,354.904,0,0,1
27.75,134.501,8.799,355.642,0,0,1
27.75,131.894,8.737,354.646,0,0,1
27.625,129.441,8.73,355.347,0,0,1
27.625,128.627,8.746,357.285,0,0,1
28.25,153.77,8.838,354.598,0,0,1
28.625,161.483,8.887,357.413,0,0,1
29.125,167.096,8.88,355.578,0,0,1
29.5,174.154,8.951,353.843,0,0,1
29.625,174.928,8.89,354.462,0,0,1
29.375,167.898,8.88,353.023,0,0,1
29,150.217,8.86,352.845,0,0,1
29,152.966,8.851,355.388,0,0,1
28.25,134.065,8.703,356.766,0,0,1
27.875,115.805,8.599,358.563,0,1,0
27.625,110.059,8.573,361.025,0,1,0
27.25,95.844,8.379,363.711,0,1,0
27.25,101.194,8.403,360.423,0,1,0
27.25,103.729,8.466,358.686,0,1,0
27.25,100.701,8.388,362.861,0,1,0
27.375,110.452,8.468,361.677,0,1,0
26,40.782,7.701,364.509,1,0,0
27.125,105.923,8.459,361.796,0,1,0
27.125,98.697,8.35,360.017,0,1,0
27.125,98.622,8.402,360.36,0,1,0
26.875,95.799,8.316,363.851,0,1,0
26.75,92.637,8.321,363.661,0,1,0
26.6875,89.138,8.252,363.779,0,1,0
26.625,89.691,8.257,362.432,0,1,0
26.9375,93.52,8.331,362.976,0,1,0
26.875,102.061,8.422,361.195,0,1,0
26.875,107.098,8.495,361.981,0,1,0
27.125,121.997,8.621,358.041,0,0,1
27,122.693,8.686,357.621,0,0,1
26.875,111.247,8.555,358.449,0,1,0
26.75,109.962,8.56,359.591,0,1,0
26.75,105.908,8.441,360.635,0,1,0
26.625,99.89,8.424,360.53,0,1,0
26.5,94.126,8.371,361.599,0,1,0
26.5,92.104,8.363,360.347,0,1,0
26.5,92.378,8.362,358.808,0,1,0
26.625,111.149,8.556,358.862,0,1,0
26.5,102.763,8.537,351.784,0,1,0
26.5,104.246,8.636,357.081,0,1,0
26.625,111.186,8.536,352.081,0,1,0
26.625,105.7,8.546,356.371,0,1,0
26.5,106.402,8.56,357.487,0,1,0
26.375,97.059,8.425,359.603,0,1,0
26.375,93.348,8.384,358.298,0,1,0
26.25,92.762,8.388,361.336,0,1,0
26.125,88.959,8.333,361.855,0,1,0
26.125,84.01,8.27,361.122,0,1,0
26.125,87.143,8.35,360.429,0,1,0
26.125,93.224,8.417,359.126,0,1,0
26.5,114.219,8.538,358.176,0,0,1
26.75,125.937,8.66,355.917,0,0,1
27,132.693,8.728,357.562,0,0,1
27,131.632,8.695,357.368,0,0,1
26.875,127.351,8.728,357.379,0,0,1
26.875,125.104,8.746,356.544,0,0,1
26.75,121.132,8.636,356.678,0,0,1
26.625,116.575,8.636,358.169,0,0,1
26.375,112.432,8.592,359.931,0,1,0
26.375,109.226,8.607,356.597,0,1,0
26.375,109.05,8.618,358.227,0,1,0
26.375,108.836,8.622,358.25,0,1,0
26.5,127.173,8.743,356.812,0,0,1
28.75,179.201,9.004,354.66,0,0,1
29,174.357,8.964,353.962,0,0,1
28.625,174.127,8.967,352.582,0,0,1
27.875,154.728,8.911,354.535,0,0,1
26.375,96.585,8.53,358.92,0,1,0
26.25,100.434,8.461,361.56,0,1,0
26.25,98.367,8.476,359.237,0,1,0
26.125,93.226,8.415,360.693,0,1,0
26,88.579,8.318,363.229,0,1,0
26,90.764,8.368,360.8,0,1,0
26,89.862,8.394,363.412,0,1,0
26,79.761,8.287,363.055,0,1,0
26.125,80.921,8.293,363.647,0,1,0
26.375,98.472,8.497,361.365,0,1,0
26.375,91.831,8.404,362.474,0,1,0
26.5,99.643,8.482,360.977,0,1,0
26.25,88.419,8.355,363.992,0,1,0
26.125,72.139,8.157,364.876,0,1,0
26,66.677,8.106,364.776,0,1,0
26,71.727,8.146,364.393,0,1,0
26,74.391,8.146,362.143,0,1,0
25.875,72.532,8.138,365.918,0,1,0
26,80.345,8.258,363.36,0,1,0
26,82.021,8.301,361.617,0,1,0
26.375,91.078,8.395,364.143,0,1,0
26.25,90.124,8.38,364.963,0,1,0
26.625,100.68,8.493,362.288,0,1,0
26.375,91.614,8.429,363.603,0,1,0
26.375,86.315,8.319,364.8,0,1,0
26.25,85.706,8.371,361.392,0,1,0
26.125,84.667,8.344,359.138,0,1,0
26.25,91.777,8.409,356.312,0,1,0
26.125,88.925,8.437,357.985,0,1,0
26.125,88.229,8.322,359.384,0,1,0
26.125,87.609,8.385,359.436,0,1,0
26,77.727,8.27,361.093,0,1,0
26.25,97.295,8.445,359.541,0,1,0
26.0625,77.546,8.216,359.466,0,1,0
25.875,75.869,8.188,360.619,0,1,0
25.875,75.45,8.127,360.622,0,1,0
25.875,75.153,8.129,360.059,0,1,0
26.5625,74.004,8.185,359.595,0,1,0
26.375,75.385,8.227,358.964,0,1,0
25.75,76.372,8.241,358.58,0,1,0
25.75,75.267,8.197,360.134,0,1,0
25.75,75.065,8.197,356.022,0,1,0
25.875,95.117,8.541,355.809,0,1,0
26.25,108.009,8.599,354.207,0,1,0
26.75,126.273,8.756,351.748,0,0,1
26.125,121.676,8.723,355.943,0,0,1
27,153.298,8.936,351.289,0,0,1
27.25,121.833,8.7,353.347,0,0,1
27.25,127.223,8.703,355.318,0,0,1
26.875,113.13,8.655,356.722,0,1,0
26.625,109.337,8.564,357.315,0,1,0
26.5,104.155,8.507,356.676,0,1,0
26.125,89.679,8.441,359.478,0,1,0
26.125,84.686,8.41,357.408,0,1,0
25.875,77.417,8.254,361.499,0,1,0
26.625,109.657,8.664,356.601,0,1,0
28.375,144.379,8.879,354.515,0,0,1
27.75,135.727,8.789,356.428,0,0,1
28.375,172.059,9.047,352.593,0,0,1
27.5,150.849,8.875,354.435,0,0,1
26.875,123.532,8.713,357.37,0,0,1
26.5,105.663,8.569,356.188,0,1,0
26.125,89.279,8.425,356.279,0,1,0
26.625,112.89,8.718,355.911,0,1,0
26.375,99.071,8.565,357.36,0,1,0
26.375,103.945,8.577,357.203,0,1,0
26.375,112.942,8.732,356.328,0,1,0
26.25,100.491,8.607,356.242,0,1,0
26.125,90.481,8.452,358.586,0,1,0
26.375,100.903,8.519,358.074,0,1,0
26.875,106.887,8.608,358.664,0,1,0
27.125,114.683,8.654,357.476,0,1,0
27.375,116.998,8.705,357.076,0,0,1
27.875,135.641,8.925,353.874,0,0,1
27.375,113.468,8.656,356.861,0,1,0
27.25,110.173,8.669,357.945,0,1,0
27.125,106.385,8.567,358.38,0,1,0
26.625,86.041,8.375,360.147,0,1,0
25.875,64.391,8.099,362.036,0,1,0
25.875,65.392,8.128,362.603,0,1,0
26.5,86.065,8.406,361.948,0,1,0
27,102.808,8.545,357.205,0,1,0
27.375,107.768,8.673,359.398,0,1,0
27.375,104.939,8.565,361.71,0,1,0
26.875,86.654,8.4,360.272,0,1,0
26.5,74.012,8.209,362.36,0,1,0
26.375,66.393,8.143,360.466,0,1,0
26.5,71.388,8.208,363.307,0,1,0
26.625,76.807,8.201,363.748,0,1,0
26.75,78.481,8.26,362.253,0,1,0
26.5,72.185,8.286,363.962,0,1,0
26.625,79.552,8.347,362.007,0,1,0
26.625,85.614,8.389,363.956,0,1,0
27.375,113.257,8.608,361.715,0,1,0
26.75,79.155,8.377,365.271,0,1,0
26.875,79.066,8.312,362.67,0,1,0
26.25,60.61,8.131,363.537,0,1,0
26,47.296,7.924,364.657,1,0,0
26.125,55.635,8.001,365.083,0,1,0
26.125,55.426,8.009,364.714,0,1,0
27.25,90.555,8.45,361.046,0,1,0
27.25,92.925,8.453,361.617,0,1,0
27.25,94.495,8.544,361.664,0,1,0
27.25,86.077,8.418,362.322,0,1,0
27.125,86.373,8.447,365.964,0,1,0
27.375,101.56,8.513,363.986,0,1,0
27.5,106.18,8.61,359.82,0,1,0
27.5,98.138,8.505,362.372,0,1,0
27.25,91.333,8.437,361.974,0,1,0
27.25,85.458,8.318,360.016,0,1,0
27,74.436,8.23,362.769,0,1,0
26.5,55.745,8.013,365.57,0,1,0
26.75,65.243,8.183,363.698,0,1,0
27,82.311,8.253,362.375,0,1,0
27.125,84.904,8.426,360.401,0,1,0
27.125,86.963,8.395,363.417,0,1,0
27.375,97.832,8.443,362.264,0,1,0
27.375,107.979,8.676,361.204,0,1,0
27.5,108.135,8.542,357.342,0,1,0
27.375,100.833,8.589,358.187,0,1,0
27.25,96.698,8.499,356.457,0,1,0
27.25,97.6,8.468,358.459,0,1,0
27.25,94.61,8.481,358.391,0,1,0
27.125,93.27,8.417,359.431,0,1,0
27.125,90.315,8.325,360.823,0,1,0
27.125,89.65,8.385,360.367,0,1,0
27.125,94.762,8.445,360.934,0,1,0
27.125,101.61,8.625,359.72,0,1,0
27.375,113.432,8.691,358.442,0,1,0
27.375,119.123,8.76,358.248,0,0,1
27.25,115.301,8.76,359.787,0,1,0
27.25,89.849,8.526,360.068,0,1,0
27.125,80.71,8.408,360.546,0,1,0
26.875,64.928,8.153,362.513,0,1,0
26.75,65.928,8.085,363.067,0,1,0
26.75,61.533,8.018,362.384,0,1,0
26.625,63.714,8.016,363.27,0,1,0
26.625,67.679,8.146,363.769,0,1,0
26.875,79.989,8.22,362.025,0,1,0
26.875,90.99,8.373,361.754,0,1,0
27.125,98.844,8.523,361.415,0,1,0
27,94.648,8.443,363.06,0,1,0
27,90.762,8.344,362.242,0,1,0
26.75,71.3,8.25,363.278,0,1,0
26.75,73.142,8.02,358.469,0,1,0
26.625,67.401,8.072,360.846,0,1,0
26.625,61.369,7.931,362.031,0,1,0
26.5,60.84,7.961,363.437,0,1,0
26.5,59.424,8,358.959,0,1,0
26.5,60.695,8.035,362.974,0,1,0
26.625,73.775,8.295,363.087,0,1,0
26.75,85.153,8.32,363.375,0,1,0
26.75,80.932,8.334,362.271,0,1,0
27.125,98.262,8.474,361.552,0,1,0
27.375,102.323,8.62,360.829,0,1,0
27.5,102.998,8.525,358.853,0,1,0
27.375,101.883,8.415,359.376,0,1,0
27.25,95.411,8.305,358.265,0,1,0
27.125,91.651,8.234,361.54,0,1,0
27.125,92.343,8.212,361.346,0,1,0
27.125,88.553,8.273,360.389,0,1,0
27,93.418,8.393,361.974,0,1,0
27.25,108.83,8.581,359.02,0,1,0
27.25,112.316,8.762,353.386,0,1,0
27.375,121.925,8.901,352.904,0,0,1
28,139.859,9.029,355.019,0,0,1
28,129.606,8.949,354.197,0,0,1
27.75,121.867,8.929,353.564,0,0,1
27.25,91.362,8.594,356.699,0,1,0
27.125,87.903,8.603,357.124,0,1,0
27.125,90.869,8.655,357.223,0,1,0
27,73.546,8.397,358.969,0,1,0
26.875,78.596,8.447,359.662,0,1,0
27,85.039,8.602,357.972,0,1,0
27.25,96.212,8.712,356.417,0,1,0
27.625,114.858,8.909,356.521,0,1,0
27.625,124.526,8.986,353.207,0,0,1
28.375,131.79,9.058,352.862,0,0,1
28.625,140.944,9.089,355.557,0,0,1
28.75,136.534,9.119,352.232,0,0,1
28.75,135.421,9.122,353.531,0,0,1
28.75,134.956,9.119,353.9,0,0,1
28.75,130.795,9.058,352.658,0,0,1
28.5,125.09,9.009,355.705,0,0,1
28.375,121.315,8.957,354.751,0,0,1
28.375,126.417,9.053,353.252,0,0,1
28.75,139.768,9.112,352.644,0,0,1
29.5,146.785,9.149,352.347,0,0,1
30,160.322,9.217,351.964,0,0,1
30.375,170.717,9.263,353.21,0,0,1
30.5,172.394,9.267,348.127,0,0,1
29.25,144.288,9.074,354.572,0,0,1
28.875,131.863,9.024,355.441,0,0,1
27.875,99.088,8.752,358.932,0,1,0
27.75,90.78,8.711,356.463,0,1,0
27.75,92.069,8.688,356.074,0,1,0
27.625,87.947,8.695,356.623,0,1,0
28.875,130.647,9.032,339.371,0,0,1
28.375,120.026,8.974,347.96,0,0,1
29.125,158.083,9.195,337.632,0,0,1
28.75,146.617,9.158,343.677,0,0,1
28.75,136.01,9.073,347.333,0,0,1
28.75,144.113,9.16,345.912,0,0,1
28.625,121.708,9.003,351.618,0,0,1
28.25,96.613,8.842,355.068,0,1,0
28,79.03,8.657,356.039,0,1,0
27.75,73.425,8.614,356.548,0,1,0
27.625,72.771,8.607,357.384,0,1,0
27.625,66.706,8.525,358.147,0,1,0
27.75,87.835,8.79,354.938,0,1,0
27.75,89.298,8.796,355.68,0,1,0
28,84.255,8.732,356.291,0,1,0
28.125,108.236,8.965,353.562,0,1,0
28.625,120.436,9.082,352.075,0,0,1
28.25,103.208,8.919,353.416,0,1,0
28.125,99.993,8.887,355.418,0,1,0
28.25,106.512,8.985,352.417,0,1,0
28.125,93.52,8.908,354.49,0,1,0
27.875,89.722,8.87,355.888,0,1,0
27.75,70.345,8.64,358.91,0,1,0
27.625,62.83,8.558,359.058,0,1,0
27.625,59.217,8.496,358.098,0,1,0
27.875,71.801,8.609,359.291,0,1,0
28.125,89.967,8.849,356.215,0,1,0
28.125,97.825,8.884,357.314,0,1,0
28.75,130.328,9.129,352.435,0,0,1
28.875,132.536,9.163,353.669,0,0,1
28.625,113.927,9.041,353.562,0,1,0
27.875,72.978,8.603,359.496,0,1,0
27.625,63.319,8.543,359.55,0,1,0
27.5,56.108,8.427,359.727,0,1,0
27.625,63.352,8.514,359.126,0,1,0
27.25,34.063,8.23,361.368,1,0,0
27.5,67.156,8.585,359.089,0,1,0
27.5,73.866,8.687,357.776,0,1,0
27.625,85.008,8.78,359.54,0,1,0
28,99.754,8.962,355.703,0,1,0
28,84.129,8.81,356.655,0,1,0
28,82.057,8.755,356.124,0,1,0
27.625,58.313,8.491,359.335,0,1,0
27.5,59.464,8.485,358.771,0,1,0
27.375,37.192,8.296,360.215,1,0,0
27.25,37.533,8.285,360.657,1,0,0
27.25,37.168,8.283,360.419,1,0,0
27.25,36.025,8.216,360.144,1,0,0
27.25,31.098,8.233,360.4,1,0,0
27.875,73.517,8.741,357.17,0,1,0
27.75,77.009,8.723,357.199,0,1,0
27.75,67.101,8.582,358.516,0,1,0
27.75,71.871,8.64,359.439,0,1,0
27.75,72.125,8.649,361.178,0,1,0
28.125,83.313,8.799,359.044,0,1,0
27.875,69.68,8.586,360.585,0,1,0
27.875,79.888,8.739,359.416,0,1,0
27.75,71.283,8.575,361.813,0,1,0
27.75,71.659,8.563,360.261,0,1,0
27.625,68.041,8.606,359.074,0,1,0
28,80.86,8.778,357.414,0,1,0
28,78.732,8.811,357.818,0,1,0
28,80.195,8.782,359.983,0,1,0
28.375,92.246,8.92,356.961,0,1,0
28.625,99.925,8.97,354.833,0,1,0
28.875,117.569,9.133,350.919,0,1,0
28.625,110.342,9.086,351.623,0,1,0
28.5,108.886,9.11,351.96,0,1,0
28.5,101.753,8.965,354.772,0,1,0
28.375,96.31,8.974,354.409,0,1,0
28.25,91.795,8.916,354.241,0,1,0
28.25,90.222,8.927,352.146,0,1,0
28.125,78.883,8.775,354.591,0,1,0
28.25,94.139,8.976,352.262,0,1,0
29.375,129.004,9.284,348.871,0,0,1
30.25,151.835,9.383,348.477,0,0,1
29.75,148.166,9.377,347.331,0,0,1
29.625,140.142,9.333,343.427,0,0,1
29.25,130.514,9.286,343.701,0,0,1
29.125,124.07,9.2,345.566,0,0,1
29.125,119.217,9.149,346.479,0,0,1
29,114.317,9.161,347.177,0,1,0
28.875,111.449,9.182,345.475,0,1,0
28.875,109.409,9.155,346.308,0,1,0
28.875,115.862,9.224,347.136,0,1,0
29,128.131,9.362,342.923,0,0,1
29.125,130.988,9.36,345.902,0,0,1
30,140.257,9.419,344.083,0,0,1
31.125,164.731,9.54,343.099,0,0,1
30.75,161.692,9.435,341.953,0,0,1
30.25,142.582,9.298,342.713,0,0,1
29.75,128.532,9.211,347.673,0,0,1
29.375,115.488,9.097,349.272,0,1,0
29.625,123.299,9.155,346.454,0,0,1
29.5,119.6,9.072,344.999,0,0,1
29.375,118.173,9.066,347.683,0,1,0
29.25,105.98,9.121,346.509,0,1,0
29.125,111.286,9.203,347.98,0,1,0
30.463,160.17,9.139,322.744,0,0,1
30.912,178.484,9.199,316.292,0,0,1
30.808,183.355,9.248,310.862,0,0,1
30.609,182.449,9.151,309.628,0,0,1
30.449,173.836,9.093,311.169,0,0,1
30.148,153.696,8.966,314.222,0,0,1
29.891,141.52,8.882,314.633,0,0,1
29.809,134.797,8.872,314.117,0,0,1
29.749,125.06,8.875,314.265,0,0,1
29.601,119.736,8.757,314.251,0,0,1
29.417,129,8.815,317.853,0,0,1
29.075,96.778,8.609,321.471,0,1,0
29.054,76.626,8.363,324.438,0,1,0
29.235,94.071,8.585,324.83,0,1,0
29.304,106.035,8.745,323.277,0,1,0
29.183,99.309,8.633,322.746,0,1,0
29.378,104.061,8.684,320.929,0,1,0
29.007,85.25,8.551,323.841,0,1,0
29.026,90.706,8.517,322.585,0,1,0
28.563,48.517,8.161,327.068,1,0,0
28.869,86.513,8.519,322.28,0,1,0
28.743,82.567,8.468,323.171,0,1,0
28.839,88.158,8.539,321.355,0,1,0
28.982,90.2,8.549,321.523,0,1,0
29.853,145.572,9.06,314.358,0,0,1
30.33,148.449,9.023,314.442,0,0,1
30.156,156.969,9.008,314.386,0,0,1
29.71,130.689,8.96,315.519,0,0,1
29.59,130.788,8.939,314.542,0,0,1
29.28,125.221,8.883,315.69,0,0,1
29.061,72.134,8.376,322.294,0,1,0
29.175,108.688,8.766,317.791,0,1,0
29.231,111.898,8.867,315.283,0,1,0
29.475,112.767,8.829,312.625,0,1,0
29.305,111.902,8.775,313.563,0,1,0
29.41,113.19,8.83,312.538,0,1,0
29.995,132.98,8.979,310.487,0,0,1
30.268,150.822,9.114,308.151,0,0,1
30.844,168.628,9.181,311.318,0,0,1
30.147,148.079,9.107,309.192,0,0,1
29.949,140.863,9.06,309.256,0,0,1
29.679,115.492,8.868,311.551,0,1,0
29.709,126.088,8.969,310.864,0,0,1
29.484,121.402,8.91,310.82,0,0,1
29.152,102.261,8.771,314.091,0,1,0
29.046,103.938,8.809,312.939,0,1,0
29.034,99.995,8.715,314.407,0,1,0
29.208,117.094,8.865,313.469,0,1,0
29.789,137.902,9.026,313.489,0,0,1
30.198,153.61,9.099,310.208,0,0,1
30.578,170.075,9.246,308.599,0,0,1
31.085,175.138,9.215,310.941,0,0,1
30.818,170.982,9.24,308.224,0,0,1
30.333,154.865,9.081,312.949,0,0,1
30.121,144.643,9.097,312.109,0,0,1
29.787,134.254,9.06,313.058,0,0,1
29.672,125.905,8.944,314.646,0,0,1
29.622,119.767,8.907,314.886,0,1,0
29.451,117.684,8.914,313.949,0,1,0
29.856,145.627,9.104,310.931,0,0,1
30.08,154.859,9.153,311.919,0,0,1
30.283,157.717,9.147,310.062,0,0,1
30.353,159.282,9.223,307.394,0,0,1
30.365,153.689,9.166,308.111,0,0,1
30.193,149.249,9.147,306.607,0,0,1
30.317,150.772,9.174,302.867,0,0,1
30.41,139.057,9.049,300.103,0,0,1
30.343,130.389,8.996,302.005,0,0,1
30.043,128.096,8.952,305.642,0,0,1
29.961,125.51,8.964,305.29,0,0,1
29.951,130.924,8.972,306.748,0,0,1
29.928,135.412,9.035,307.412,0,0,1
30.192,146.838,9.092,308.276,0,0,1
30.254,154.209,9.169,307.88,0,0,1
30.345,155.361,9.15,305.887,0,0,1
30.284,148.334,9.168,304.47,0,0,1
29.995,137.014,9.113,307.179,0,0,1
29.799,131.673,9.039,307.926,0,0,1
29.844,122.728,8.931,308.959,0,0,1
29.639,120.396,8.914,309.669,0,1,0
29.727,115.37,8.934,308.147,0,1,0
29.511,113.549,8.837,309.312,0,1,0
29.729,116.88,8.827,310.206,0,1,0
30.208,143.69,9.05,309.371,0,0,1
31.153,155.832,9.096,308.4,0,0,1
30.829,159.414,9.184,303.193,0,0,1
31.586,179.112,9.173,298.898,0,0,1
30.651,167.6,9.116,299.273,0,0,1
30.964,187.185,9.13,294.208,0,0,1
30.767,190.058,9.046,291.015,0,0,1
30.483,161.582,8.917,297.332,0,0,1
29.889,125.123,8.825,305.55,0,0,1
29.846,118.924,8.862,304.232,0,1,0
29.741,104.396,8.739,306.137,0,1,0
29.614,101.46,8.718,309.695,0,1,0
29.686,97.746,8.716,308.662,0,1,0
29.968,128.874,8.971,307.83,0,0,1
30.247,135.094,8.944,306.68,0,0,1
30.155,133.952,8.957,309.259,0,0,1
30.453,140.118,8.992,307.141,0,0,1
30.496,148.704,9.104,304.577,0,0,1
30.416,132.662,8.889,306.206,0,0,1
30.276,128.365,8.886,306.231,0,0,1
29.503,80.582,8.505,313.947,0,1,0
29.407,78.118,8.451,313.817,0,1,0
29.464,75.217,8.401,312.671,0,1,0
29.418,81.618,8.488,312.242,0,1,0
29.478,83.221,8.522,312.846,0,1,0
29.48,74.144,8.452,317.367,0,1,0
29.851,111.437,8.776,308.635,0,1,0
29.955,107.822,8.712,308.339,0,1,0
30.08,109.402,8.74,308.815,0,1,0
30.237,129.325,8.902,306.051,0,0,1
29.985,97.749,8.639,311.2,0,1,0
29.526,61.51,8.37,314.439,0,1,0
29.257,73.5,8.329,315.422,0,1,0
29.037,45.566,8.064,321.582,1,0,0
29,36.869,7.98,320.854,1,0,0
28.894,39.254,8.024,320.074,1,0,0
29.231,59.3,8.216,322.451,0,1,0
29.35,82.544,8.454,321.867,0,1,0
29.419,80.556,8.455,320.732,0,1,0
29.81,105.586,8.739,316.351,0,1,0
29.719,99.123,8.649,319.464,0,1,0
29.383,66.434,8.4,321.627,0,1,0
29.277,55.14,8.245,321.723,0,1,0
29.172,60.348,8.232,321.544,0,1,0
28.909,25.646,7.918,325.087,1,0,0
28.869,24.55,7.903,322.806,1,0,0
28.847,18.418,7.863,324.167,1,0,0
29.086,72.76,8.405,318.39,0,1,0
29.254,81.676,8.525,318.033,0,1,0
29.178,57.91,8.298,320.621,0,1,0
29.233,55.575,8.217,322.286,0,1,0
29.558,100.882,8.731,316.573,0,1,0
29.211,51.644,8.137,324.25,1,0,0
29.22,54.883,8.29,322.329,0,1,0
29.242,60.405,8.369,320.685,0,1,0
29.093,73.047,8.438,321.662,0,1,0
28.905,47.751,8.104,322.291,1,0,0
28.756,38.568,8.062,322.777,1,0,0
28.871,56.449,8.234,323.97,0,1,0
29.111,68.977,8.37,322.261,0,1,0
29.324,70.567,8.471,322.429,0,1,0
29.32,65.052,8.538,323.251,0,1,0
29.294,46.499,8.347,325.726,1,0,0
29.295,64.701,8.479,323.874,0,1,0
29.244,43.132,8.231,327.937,1,0,0
29.175,41.581,8.293,325.568,1,0,0
29.014,26.586,8.119,327.033,1,0,0
28.997,36.465,8.014,326.701,1,0,0
28.868,36.041,7.906,328.667,1,0,0
28.685,33.976,7.933,327.334,1,0,0
28.72,41.201,7.943,327.287,1,0,0
28.812,61.295,8.187,323.534,0,1,0
29.026,72.211,8.353,325.064,0,1,0
29.35,87.26,8.455,323.329,0,1,0
29.599,116.096,8.738,321.232,0,1,0
29.712,119.007,8.754,320.777,0,1,0
29.654,129.709,8.87,319.758,0,0,1
29.719,121.408,8.752,321.568,0,0,1
29.555,114.776,8.633,320.359,0,1,0
29.313,80.745,8.435,322.352,0,1,0
29.106,60.126,8.179,323.64,0,1,0
28.988,69.485,8.151,323.62,0,1,0
28.954,55.153,8.096,322.969,0,1,0
28.92,59.033,8.175,323.179,0,1,0
29.814,129.148,8.88,310.68,0,0,1
30.73,174.215,9.073,307.619,0,0,1
30.971,162.229,9.022,310.011,0,0,1
31.045,175.48,9.112,305.422,0,0,1
30.869,170.815,9.036,306.431,0,0,1
30.501,161.683,8.978,304.904,0,0,1
30.326,146.508,8.909,306.97,0,0,1
30.062,141.561,8.921,309.512,0,0,1
29.803,126.328,8.855,308.084,0,0,1
29.547,113.338,8.668,310.12,0,1,0
29.261,106.859,8.637,312.925,0,1,0
29.181,94.001,8.543,315.795,0,1,0
29.146,102.227,8.563,317.774,0,1,0
29.479,121.006,8.778,312.604,0,0,1
29.804,147.003,8.95,310.059,0,0,1
30.036,164.458,9.042,308.932,0,0,1
29.794,145.285,8.933,310.839,0,0,1
29.595,136.877,8.885,315.66,0,0,1
29.421,120.199,8.8,312.796,0,0,1
29.259,100.51,8.563,316.516,0,1,0
29.051,87.836,8.467,317.841,0,1,0
29.049,71.985,8.286,316.583,0,1,0
28.98,65.502,8.219,319.263,0,1,0
28.924,61.676,8.177,320.908,0,1,0
29.075,84.429,8.404,320.837,0,1,0
29.25,124.008,8.476,337.818,0,0,1
29.75,140.964,8.518,338.821,0,0,1
29.875,153.606,8.581,336.749,0,0,1
29.25,112.354,8.258,340.704,0,1,0
29.25,108.016,8.211,340.255,0,1,0
29.125,101.712,8.152,338.138,0,1,0
28.875,80.806,7.95,343.288,0,1,0
28.75,69.313,7.828,341.892,0,1,0
28.75,65.94,7.801,342.781,0,1,0
28.625,62.938,7.763,341.685,0,1,0
28.625,60.041,7.748,343.232,0,1,0
28.75,75.704,7.93,342.24,0,1,0
28.875,91.835,8.073,342.063,0,1,0
28.875,105.962,8.206,342.389,0,1,0
28.875,99.486,8.141,345.493,0,1,0
28.75,81.637,8.009,345.539,0,1,0
28.75,60.731,7.755,348.341,0,1,0
28.625,64.083,7.794,347.11,0,1,0
28.5,57.028,7.698,347.757,0,1,0
28.5,52.008,7.66,346.137,0,1,0
28.375,46.647,7.595,347.105,1,0,0
28.25,44.361,7.568,347.854,1,0,0
28.3125,45.034,7.592,345.753,1,0,0
28.375,58.162,7.703,345.08,0,1,0
28.625,76.029,7.926,342.593,0,1,0
28.75,92.921,8.117,342.363,0,1,0
28.75,101.368,8.201,342.529,0,1,0
28.625,91.892,8.08,344.962,0,1,0
28.625,89.718,8.071,344.03,0,1,0
28.375,65.483,7.783,346.451,0,1,0
28.25,48.689,7.597,347.43,1,0,0
28.25,49.108,7.619,344.166,1,0,0
28.3125,50.077,7.63,345.658,1,0,0
28.25,50.134,7.625,344.408,1,0,0
28.25,61.178,7.767,342.488,0,1,0
28.5,87.472,8.07,343.187,0,1,0
28.625,97.111,8.138,343.322,0,1,0
28.625,94.467,8.11,340.664,0,1,0
28.5,89.484,8.008,345.771,0,1,0
28.4375,77.4555,7.9095,344.352,0,1,0
28.375,65.427,7.811,342.933,0,1,0
28.375,60.97,7.732,346.021,0,1,0
28.25,61.794,7.781,344.528,0,1,0
28.25,69.729,7.845,347.48,0,1,0
28.25,70.781,7.865,345.763,0,1,0
28.25,66.901,7.804,344.869,0,1,0
28.25,66.002,7.807,344.657,0,1,0
28.25,74.548,7.898,345.982,0,1,0
28.375,85.608,8.049,345.824,0,1,0
28.375,86.643,8.059,342.984,0,1,0
28.375,89.725,8.09,345.277,0,1,0
28.75,89.376,8.04,342.859,0,1,0
28.75,84.903,7.97,344.903,0,1,0
28.75,92.202,8.093,342.435,0,1,0
28.375,63.172,7.75,343.431,0,1,0
28.25,61.983,7.731,341.824,0,1,0
28.25,51.266,7.631,340.532,1,0,0
28.125,49.508,7.597,341.724,1,0,0
28.125,50.369,7.626,341.564,1,0,0
28.25,59.835,7.712,339.098,0,1,0
28.25,60.612,7.697,339.051,0,1,0
28.625,92.088,8.108,336.124,0,1,0
28.625,91.788,8.097,338.706,0,1,0
28.75,100.308,8.128,338.906,0,1,0
28.625,77.277,7.937,338.145,0,1,0
28.75,105.577,8.231,336.049,0,1,0
28.75,106.669,8.242,336.833,0,1,0
28.75,107.002,8.212,339.141,0,1,0
28.875,112.404,8.305,336.028,0,1,0
28.75,111.27,8.253,339.901,0,1,0
28.875,115.598,8.371,338.411,0,1,0
28.875,126.617,8.393,339.652,0,0,1
31,150.815,8.537,340.474,0,0,1
31.75,167.261,8.62,338.93,0,0,1
31.625,183.506,8.668,337.316,0,0,1
32.75,201.107,8.669,328.922,0,0,1
30.75,167.793,8.531,331.029,0,0,1
29.25,127.808,8.361,340.791,0,0,1
29,104.035,8.241,342.173,0,1,0
28.875,97.996,8.137,345.806,0,1,0
28.875,101.985,8.183,342.616,0,1,0
28.75,84.682,7.989,344.638,0,1,0
29.625,126.631,8.332,334.18,0,0,1
29.75,136.028,8.393,332.781,0,0,1
29.125,89.921,8.018,345.333,0,1,0
29,80.242,7.947,346.675,0,1,0
28.875,80.381,7.962,345.915,0,1,0
28.875,57.422,7.693,348.035,0,1,0
28.75,50.315,7.608,349.265,1,0,0
28.75,52.128,7.6,348.136,1,0,0
28.625,38.095,7.486,348.983,1,0,0
28.625,34.719,7.453,348.058,1,0,0
28.5,33.022,7.425,348.593,1,0,0
28.375,27.452,7.385,341.541,1,0,0
28.375,26.74,7.351,349.223,1,0,0
28.375,28.283,7.385,349.475,1,0,0
28.625,58.098,7.669,348.786,0,1,0
28.625,62.25,7.697,348.583,0,1,0
28.625,55.417,7.631,348.227,0,1,0
28.75,64.118,7.706,349.614,0,1,0
28.75,64.312,7.693,348.72,0,1,0
28.625,52.489,7.537,348.844,1,0,0
28.625,68.272,7.74,347.359,0,1,0
28.625,69.428,7.732,346.917,0,1,0
28.625,68.678,7.728,346.75,0,1,0
28.625,63.837,7.664,346.455,0,1,0
28.75,72.765,7.838,344.636,0,1,0
29,91.824,8.07,342.107,0,1,0
29.375,118.202,8.295,341.427,0,1,0
29.875,146.161,8.494,337.497,0,0,1
29.625,147.789,8.444,334.905,0,0,1
29.25,110.844,8.229,339.446,0,1,0
29,77.649,7.888,343.055,0,1,0
28.875,76.797,7.868,343.246,0,1,0
28.75,71.333,7.796,345.701,0,1,0
28.75,60.726,7.687,342.675,0,1,0
28.625,50.885,7.565,347.195,1,0,0
28.625,44.179,7.503,344.255,1,0,0
28.5,38.268,7.446,345.563,1,0,0
28.5,42.655,7.487,344.777,1,0,0
28.5,43.751,7.514,345.231,1,0,0
28.5,46.06,7.501,347.286,1,0,0
28.5,51.219,7.577,345.643,1,0,0
28.625,53.187,7.576,346.746,0,1,0
28.625,28.309,7.368,346.086,1,0,0
28.5,2.902,7.24,348.832,1,0,0
28.5,3.917,7.23,348.91,1,0,0
28.5,20.761,7.277,344.745,1,0,0
28.5,28.734,7.341,342.815,1,0,0
28.5,24.565,7.321,346.309,1,0,0
28.5,26.48,7.328,346.146,1,0,0
28.5,35.632,7.427,346.756,1,0,0
28.875,68.115,7.718,344.467,0,1,0
29.375,95.115,8.013,342.686,0,1,0
29.875,99.372,8.041,345.187,0,1,0
30.125,118.593,8.231,343.453,0,1,0
30.125,117.41,8.246,342.08,0,1,0
29.5,79.585,7.831,342.051,0,1,0
29.125,73.395,7.734,342.857,0,1,0
29,56.971,7.542,345.13,0,1,0
29,46.58,7.491,344.173,1,0,0
28.875,51.392,7.533,345.546,1,0,0
29.125,77.13,7.797,342.96,0,1,0
29.75,110.472,8.258,336.999,0,1,0
31,137.683,8.487,334.484,0,0,1
32.25,163.681,8.593,330.37,0,0,1
30.375,164.676,8.604,332.345,0,0,1
30.25,158.316,8.525,335.86,0,0,1
30.125,134.956,8.385,334.295,0,0,1
29.75,107.325,8.305,335.215,0,1,0
29.625,95.216,8.156,341.055,0,1,0
29.5,86.044,8.001,343.149,0,1,0
29.25,66.049,7.788,345.689,0,1,0
29.25,66.953,7.719,344.58,0,1,0
29.25,74.619,7.846,344.598,0,1,0
29.25,78.242,7.955,343.115,0,1,0
29.75,123.668,8.357,340.171,0,0,1
32.25,126.78,8.349,340.722,0,0,1
31.375,139.358,8.395,341.135,0,0,1
30.5,174.647,8.591,322.471,0,0,1
29.75,114.903,8.302,337.372,0,1,0
29.5,88.872,8.024,341.998,0,1,0
29.5,81.464,7.935,340.039,0,1,0
29.25,62.761,7.704,345.435,0,1,0
29.125,54.927,7.619,345.39,0,1,0
29.125,46.063,7.505,346.404,1,0,0
29.125,39.887,7.505,346.576,1,0,0
29.125,43.007,7.591,347.532,1,0,0
29.625,96.119,8.105,343.482,0,1,0
30.25,120.492,8.348,338.098,0,1,0
30.625,149.564,8.519,334.493,0,0,1
29.625,84.377,8.177,341.072,0,1,0
29.625,78.205,7.998,338.011,0,1,0
29.625,74.313,7.92,340.119,0,1,0
29.375,50.779,7.584,342.271,1,0,0
29.25,38.315,7.449,344.117,1,0,0
29.125,32.696,7.394,338.196,1,0,0
29,21.902,7.291,346.709,1,0,0
28.875,29.01,7.353,347.804,1,0,0
29,35.585,7.425,347.714,1,0,0
29.042,39.742,7.657,351.976,1,0,0
29.018,38.394,7.606,351.523,1,0,0
29.285,64.834,7.875,351.862,0,1,0
29.744,81.473,8.106,346.246,0,1,0
29.592,73.615,7.951,346.167,0,1,0
29.284,60.657,7.815,349.987,0,1,0
29.212,58.897,7.753,349.956,0,1,0
29.056,22.11,7.494,349.041,1,0,0
28.978,13.051,7.391,350.3,1,0,0
28.817,10.176,7.367,351.003,1,0,0
28.79,17.758,7.403,350.718,1,0,0
28.771,20.943,7.409,353.826,1,0,0
29.025,32.484,7.506,353.846,1,0,0
29.987,79.22,8.013,350.032,0,1,0
29.835,102.02,8.298,345.46,0,1,0
29.799,102.594,8.27,345.635,0,1,0
29.663,87.244,8.133,345.73,0,1,0
29.847,88.653,8.169,344.169,0,1,0
29.668,80.76,8.1,344.279,0,1,0
29.286,47.122,7.629,348.216,1,0,0
29.103,28.959,7.469,350.667,1,0,0
28.987,32.939,7.485,349.526,1,0,0
28.962,38.018,7.522,349.756,1,0,0
29.108,22.77,7.425,350.365,1,0,0
29.395,67.382,7.869,349.192,0,1,0
29.822,106.148,8.301,347.91,0,1,0
29.948,113.703,8.379,344.815,0,1,0
29.825,99.034,8.302,345.484,0,1,0
29.786,96.38,8.234,344.68,0,1,0
29.806,82.795,8.139,346.193,0,1,0
29.497,49.541,7.69,348.733,1,0,0
29.221,35.259,7.552,349.271,1,0,0
28.967,26.627,7.464,349.787,1,0,0
28.964,28.702,7.454,349.131,1,0,0
28.94,27.532,7.41,350.821,1,0,0
29.344,66.136,7.86,346.798,0,1,0
29.596,85.315,8.097,346.728,0,1,0
29.859,91.479,8.138,347.399,0,1,0
30.119,104.219,8.27,347.997,0,1,0
29.94,94.27,8.163,347.184,0,1,0
29.697,63.319,7.844,348.683,0,1,0
29.597,88.008,8.103,347.636,0,1,0
29.468,70.685,7.916,349.244,0,1,0
29.315,40.003,7.589,348.358,1,0,0
29.152,34.862,7.471,350.292,1,0,0
29.056,22.903,7.389,350.261,1,0,0
29.1,38.515,7.509,350.96,1,0,0
29.279,49.229,7.611,350.201,1,0,0
29.602,78.769,7.981,348.671,0,1,0
29.958,106.015,8.267,347.999,0,1,0
30.412,121.127,8.437,344.678,0,1,0
29.967,103.09,8.275,347.536,0,1,0
29.834,96.866,8.208,347.145,0,1,0
29.733,86.344,8.116,346.749,0,1,0
29.572,79.654,8.055,347.594,0,1,0
29.455,30.701,7.513,350.035,1,0,0
29.194,29.391,7.391,351.128,1,0,0
29.035,35.019,7.447,351.745,1,0,0
29.185,41.309,7.515,350.976,1,0,0
29.699,85.479,8.008,349.125,0,1,0
30.93,113.058,8.268,347.308,0,1,0
30.717,131.319,8.424,343.689,0,0,1
30.53,152.776,8.61,340.066,0,0,1
30.106,114.985,8.33,345.99,0,1,0
30.174,122.761,8.427,342.061,0,0,1
30.045,107.25,8.268,344.589,0,1,0
29.949,97.295,8.239,344.57,0,1,0
29.648,69.649,7.844,348.869,0,1,0
29.576,64.513,7.756,347.371,0,1,0
29.589,67.999,7.838,346.009,0,1,0
29.461,67.604,7.782,349.707,0,1,0
29.523,77.998,7.927,347.373,0,1,0
30.168,102.22,8.153,347.348,0,1,0
30.166,108.411,8.209,347.562,0,1,0
30.703,134.387,8.431,343.326,0,0,1
30.511,149.82,8.448,343.398,0,0,1
30.548,138.439,8.425,340.808,0,0,1
30.599,132.231,8.417,342.688,0,0,1
30.272,119.899,8.314,344.468,0,1,0
30.237,112.592,8.262,345.536,0,1,0
30.175,96.838,8.046,344.398,0,1,0
30.083,86.677,7.965,345.244,0,1,0
30.016,91.048,8.014,346.761,0,1,0
30.561,122.092,8.296,342.5,0,0,1
30.626,127.178,8.37,341.727,0,0,1
31.155,155.091,8.557,339.536,0,0,1
31.483,188.618,8.673,336.45,0,0,1
31.059,168.398,8.591,339.495,0,0,1
30.644,131.184,8.412,341.95,0,0,1
30.439,114.544,8.272,343.817,0,1,0
30.323,107.471,8.162,342.621,0,1,0
30.197,94.469,8.029,344.687,0,1,0
30.071,82.192,7.934,344.521,0,1,0
29.945,73.763,7.82,347.123,0,1,0
29.945,79.302,7.818,346.577,0,1,0
29.945,84.888,7.965,345.78,0,1,0
30.197,98.9,8.03,344.098,0,1,0
30.197,80.092,7.915,347.952,0,1,0
30.574,127.006,8.282,342.092,0,0,1
30.449,116.714,8.291,342.488,0,1,0
30.112,61.778,7.775,346.109,0,1,0
29.61,12.552,7.268,351.878,1,0,0
29.359,0,7.208,352.261,1,0,0
29.108,0,7.161,354.972,1,0,0
28.983,44.649,7.176,353.174,1,0,0
28.983,41.427,7.132,354.258,1,0,0
28.983,0,7.138,350.531,1,0,0
29.234,27.669,7.261,352.484,1,0,0
29.484,53.773,7.463,350.843,0,1,0
29.861,80.461,7.759,350.343,0,1,0
29.734,60.899,7.649,348.081,0,1,0
29.611,54.697,7.486,351.16,0,1,0
29.485,43.978,7.403,350.486,1,0,0
29.359,43.845,7.316,352.596,1,0,0
29.234,28.927,7.237,353.025,1,0,0
29.109,21.6,7.184,353.738,1,0,0
29.108,7.106,7.157,354.764,1,0,0
28.983,9.091,7.158,355.646,1,0,0
28.983,11.076,7.158,352.722,1,0,0
28.983,10.702,7.17,353.942,1,0,0
29.107,0,7.155,354.173,1,0,0
29.359,4.649,7.154,354.188,1,0,0
29.862,47.395,7.335,355.943,1,0,0
29.862,56.537,7.347,354.2,0,1,0
29.485,33.803,7.188,354.556,1,0,0
29.36,25.081,7.21,352.96,1,0,0
29.36,35.474,7.21,352.297,1,0,0
29.36,45.82,7.285,352.328,1,0,0
29.234,38.942,7.192,353.223,1,0,0
29.234,30.198,7.174,352.309,1,0,0
29.109,28.364,7.169,353.591,1,0,0
29.359,45.717,7.362,350.935,1,0,0
29.735,64.529,7.54,351.304,0,1,0
29.734,60.513,7.591,348.13,0,1,0
30.112,80.071,7.699,348.223,0,1,0
29.987,81.664,7.799,349.505,0,1,0
29.862,80.351,7.666,349.571,0,1,0
29.861,60.848,7.465,348.014,0,1,0
29.611,50.964,7.282,351.091,1,0,0
29.485,31.524,7.2,351.035,1,0,0
29.36,24.417,7.173,351.822,1,0,0
29.359,21.574,7.173,350.728,1,0,0
29.359,40.331,7.263,350.96,1,0,0
29.61,57.532,7.461,348.928,0,1,0
29.861,82.807,7.673,348.814,0,1,0
29.735,63.318,7.704,348.871,0,1,0
30.489,123.883,8.028,345.754,0,0,1
30.111,100.77,7.98,348.733,0,1,0
29.736,60.401,7.405,348.241,0,1,0
29.611,36.253,7.19,350.646,1,0,0
29.485,42.277,7.195,351.491,1,0,0
29.485,42.616,7.231,350.808,1,0,0
29.485,34.639,7.17,350.039,1,0,0
29.36,35.873,7.161,351.406,1,0,0
29.36,37.872,7.202,351.308,1,0,0
29.61,46.87,7.279,349.195,1,0,0
30.237,87.657,7.522,347.581,0,1,0
29.986,97.149,7.876,346.742,0,1,0
29.861,104.611,8.016,345.943,0,1,0
29.861,83.583,7.828,346.945,0,1,0
29.736,68.157,7.505,348.111,0,1,0
29.611,65.425,7.413,348.46,0,1,0
29.485,59.362,7.361,349.158,0,1,0
29.36,49.82,7.334,349.85,1,0,0
29.36,39.66,7.255,350.88,1,0,0
29.36,34.498,7.219,350.089,1,0,0
29.234,34.268,7.223,351.54,1,0,0
29.485,49.319,7.403,349.268,1,0,0
29.28,56.598,7.794,363.162,0,1,0
29.776,100.521,8.328,358.198,0,1,0
29.977,122.107,8.391,358.398,0,0,1
30.211,124.76,8.551,356.56,0,0,1
29.714,94.411,8.275,359.37,0,1,0
29.604,76.698,8.064,360.373,0,1,0
29.447,74.374,8.004,360.484,0,1,0
29.225,46.414,7.714,361.361,1,0,0
29.141,42.298,7.626,362.463,1,0,0
29.011,32.451,7.539,363.465,1,0,0
29.045,36.318,7.572,363.373,1,0,0
29.492,52.83,7.728,362.628,1,0,0
29.953,73.985,7.986,360.955,0,1,0
30.396,94.464,8.22,360.931,0,1,0
30.108,98.654,8.285,359.37,0,1,0
29.641,69.455,7.942,360.226,0,1,0
29.543,65.455,7.885,358.34,0,1,0
29.446,56.686,7.78,358.772,0,1,0
29.295,54.072,7.725,361.761,0,1,0
29.307,52.599,7.658,360.416,1,0,0
29.491,68.506,7.88,359.562,0,1,0
29.398,67.774,7.878,359.24,0,1,0
29.464,69.488,7.919,359.825,0,1,0
29.628,80.817,8.022,358.103,0,1,0
29.781,94.423,8.132,359.823,0,1,0
30.395,110.71,8.251,358.135,0,1,0
30.886,123.026,8.364,354.529,0,0,1
30.812,130.288,8.478,355.265,0,0,1
30.617,116.364,8.36,354.551,0,1,0
29.794,82.135,8.058,355.734,0,1,0
29.954,95.788,8.145,357.834,0,1,0
29.986,94.892,8.142,357.497,0,1,0
29.77,79.621,8.039,356.478,0,1,0
29.74,64.379,7.786,358.183,0,1,0
29.55,62.893,7.809,359.525,0,1,0
29.858,90.289,8.09,358.974,0,1,0
30.027,110.726,8.292,356.619,0,1,0
30.095,114.529,8.339,357.271,0,1,0
29.986,97.19,8.176,354.388,0,1,0
29.963,93.558,8.153,358.593,0,1,0
29.806,75.971,7.959,358.121,0,1,0
29.692,73.954,7.931,358.682,0,1,0
29.523,66.588,7.846,361.818,0,1,0
29.621,58.794,7.756,360.811,0,1,0
29.402,47.115,7.639,361.212,1,0,0
29.488,44.042,7.608,360.36,1,0,0
29.289,42.312,7.586,361.855,1,0,0
29.461,45.068,7.586,360.676,1,0,0
29.44,49.671,7.611,358.925,1,0,0
29.557,54.061,7.687,361.524,0,1,0
29.921,75.21,7.923,360.931,0,1,0
29.806,63.476,7.802,360.177,0,1,0
29.733,69.615,7.861,361.586,0,1,0
29.735,61.882,7.811,361.518,0,1,0
29.58,47.892,7.635,363.234,1,0,0
29.416,38.497,7.515,363.078,1,0,0
29.389,32.833,7.486,362.111,1,0,0
29.246,37.815,7.48,361.788,1,0,0
29.071,35.289,7.479,359.82,1,0,0
29.12,33.449,7.464,358.147,1,0,0
28.907,28.401,7.458,361.814,1,0,0
29.01,34.637,7.493,360.013,1,0,0
28.939,35.421,7.492,361.506,1,0,0
28.963,56.202,7.654,359.285,0,1,0
28.912,56.715,7.652,359.755,0,1,0
28.89,51.581,7.571,360.756,1,0,0
28.963,48.109,7.539,360.086,1,0,0
28.775,48.832,7.534,361.49,1,0,0
28.835,46.036,7.562,358.945,1,0,0
28.851,45.348,7.531,360.768,1,0,0
28.85,44.145,7.545,360.782,1,0,0
28.961,58.141,7.651,361.365,0,1,0
29.17,74.498,7.9,358.485,0,1,0
31.079,138.536,8.399,357.036,0,0,1
31.88,166.254,8.606,355.381,0,0,1
30.183,105.089,8.203,359.603,0,1,0
29.329,64.562,7.725,360.947,0,1,0
29.019,49.127,7.597,360.347,1,0,0
28.909,34.203,7.473,360.787,1,0,0
28.951,34.039,7.443,360.228,1,0,0
28.753,29.543,7.448,360.576,1,0,0
28.721,27.135,7.423,361.689,1,0,0
28.703,29.033,7.407,363.853,1,0,0
28.873,33.567,7.487,362.728,1,0,0
28.856,36.547,7.483,362.988,1,0,0
28.875,34.576,7.493,362.771,1,0,0
28.784,40.042,7.514,363.669,1,0,0
29.098,49.717,7.621,360.517,1,0,0
29.105,46.67,7.595,362.451,1,0,0
29.317,68.814,7.809,359.634,0,1,0
28.836,26.654,7.45,363.101,1,0,0
28.874,38.515,7.506,362.625,1,0,0
28.745,23.269,7.406,363.482,1,0,0
28.692,17.234,7.358,362.788,1,0,0
28.703,17.044,7.362,362.689,1,0,0
28.721,23.379,7.424,361.735,1,0,0
28.74,28.603,7.44,365.664,1,0,0
28.711,35.139,7.498,361.789,1,0,0
28.532,34.507,7.473,363.988,1,0,0
28.549,28.877,7.45,363.832,1,0,0
28.593,37.365,7.47,361.436,1,0,0
28.53,24.787,7.427,362.868,1,0,0
28.502,17.459,7.373,362.005,1,0,0
28.43,17.576,7.369,363.542,1,0,0
28.385,23.926,7.388,362.813,1,0,0
28.402,23.977,7.415,362.648,1,0,0
28.388,21.633,7.4,362.773,1,0,0
28.416,27.036,7.465,363.718,1,0,0
28.605,31.296,7.463,362.457,1,0,0
28.74,50.93,7.619,363.883,1,0,0
28.809,54.05,7.655,363.522,0,1,0
29.007,66.369,7.797,362.286,0,1,0
28.779,55.254,7.676,363.593,0,1,0
28.705,40.521,7.525,362.724,1,0,0
28.607,35.272,7.479,362.208,1,0,0
28.458,30.516,7.451,363.295,1,0,0
28.405,29.883,7.418,362.64,1,0,0
28.465,31.911,7.45,362.114,1,0,0
28.46,34.142,7.495,362.152,1,0,0
28.593,46.709,7.532,364.414,1,0,0
28.824,54.427,7.627,364.154,0,1,0
29.103,69.893,7.773,362.574,0,1,0
29.582,98.736,8.071,363.421,0,1,0
29.931,127.876,8.455,360.825,0,0,1
29.87,121.405,8.314,360.75,0,0,1
29.705,114.592,8.263,360.553,0,1,0
29.564,104.895,8.158,360.142,0,1,0
29.346,89.81,7.959,361.284,0,1,0
29.098,71.278,7.689,363.595,0,1,0
28.781,51.105,7.595,363.464,1,0,0
28.896,74.731,7.853,362.709,0,1,0
29.332,116.647,8.337,361.458,0,1,0
29.613,129.405,8.415,359.138,0,0,1
29.635,137.605,8.388,359.605,0,0,1
29.859,144.79,8.5,359.271,0,0,1
29.555,119.33,8.385,360.611,0,1,0
29.3,104.156,8.27,361.96,0,1,0
29.202,86.042,7.999,361.079,0,1,0
28.903,56.013,7.743,362.75,0,1,0
28.948,65.63,7.746,360.226,0,1,0
28.834,56.081,7.627,362.955,0,1,0
28.804,76.167,7.835,361.215,0,1,0
28.845,70.693,7.823,362.839,0,1,0
29.374,118.961,8.424,359.079,0,1,0
29.322,126.593,8.466,358.631,0,0,1
30.098,165.555,8.71,355.224,0,0,1
31.631,197.114,8.82,354.267,0,0,1
31.508,190.715,8.893,349.476,0,0,1
31.146,180.157,8.852,349.006,0,0,1
29.788,113.782,8.47,358.821,0,1,0
29.197,82.686,8.286,361.638,0,1,0
29.154,90.286,8.222,359.741,0,1,0
29.486,106.992,8.411,357.658,0,1,0
29.333,102.808,8.299,357.39,0,1,0
29.318,101.754,8.35,358.304,0,1,0
30.036,146.499,8.687,352.289,0,0,1
30.762,168.709,8.827,352.131,0,0,1
30.922,178.928,8.88,349.176,0,0,1
30.609,192.348,8.904,340.261,0,0,1
30.054,177.318,8.896,342.47,0,0,1
29.66,151.378,8.764,349.063,0,0,1
29.545,131.389,8.643,352.3,0,0,1
29.265,116.013,8.549,352.8,0,1,0
29.146,93.807,8.356,356.308,0,1,0
29.038,78.581,8.249,356.917,0,1,0
28.897,77.406,8.248,357.871,0,1,0
29.251,116.532,8.538,346.914,0,1,0
29.505,131.715,8.673,344.792,0,0,1
30.822,164.247,8.81,322.754,0,0,1
32.026,184.995,8.875,320.002,0,0,1
32.783,199.775,8.999,316.264,0,0,1
32.247,188.113,8.933,317.422,0,0,1
31.721,180.587,8.851,320.14,0,0,1
31.382,174.255,8.828,323.771,0,0,1
31.275,177.434,8.865,318.01,0,0,1
30.859,162.325,8.779,320.832,0,0,1
30.554,160.713,8.814,321.402,0,0,1
30.309,147.124,8.727,323.971,0,0,1
30.295,156.028,8.793,320.533,0,0,1
30.296,164.504,8.823,323.98,0,0,1
31.252,187.165,8.979,318.678,0,0,1
31.864,190.334,8.948,319.669,0,0,1
31.103,185.879,8.919,318.732,0,0,1
31.014,203.701,8.956,316.541,0,0,1
31.288,208.358,8.991,312.953,0,0,1
31.267,191.13,8.881,317.428,0,0,1
30.955,172.049,8.892,320.589,0,0,1
31.055,178.591,8.931,317.122,0,0,1
30.687,131.779,8.672,321.017,0,0,1
30.415,128.595,8.569,324.46,0,0,1
30.178,124.519,8.622,326.72,0,0,1
30.366,148.624,8.775,324.564,0,0,1
30.168,140.344,8.698,329.065,0,0,1
29.874,101.191,8.385,334.799,0,1,0
29.87,112.416,8.478,335.95,0,1,0
29.919,104.136,8.434,332.892,0,1,0
30.35,131.38,8.657,328.941,0,0,1
30.204,135.075,8.717,327.171,0,0,1
30.033,129.682,8.685,326.656,0,0,1
29.945,121.608,8.628,328.735,0,0,1
29.804,108.532,8.531,330.058,0,1,0
29.608,90.776,8.29,332.416,0,1,0
29.338,78.724,8.175,335.307,0,1,0
29.284,80.115,8.194,336.71,0,1,0
29.349,62.108,7.99,341.739,0,1,0
29.351,46.454,7.901,343.605,1,0,0
29.684,70.929,8.186,340.125,0,1,0
29.112,12.553,7.581,346.152,1,0,0
28.906,8.382,7.558,347.146,1,0,0
29.266,72.707,8.178,339.031,0,1,0
29.356,70.798,8.099,338.192,0,1,0
28.979,60.016,7.95,340.872,0,1,0
28.733,24.273,7.641,345.91,1,0,0
28.72,18.847,7.579,344.108,1,0,0
28.608,14.019,7.546,347.377,1,0,0
28.725,23.828,7.618,347.058,1,0,0
28.644,19.763,7.572,346.346,1,0,0
28.866,21.756,7.586,346.127,1,0,0
28.947,39.564,7.749,345.265,1,0,0
28.907,34.095,7.693,346.191,1,0,0
28.899,48,7.806,344.163,1,0,0
28.774,50.372,7.826,345.027,1,0,0
28.698,30.73,7.625,346.508,1,0,0
28.584,9.231,7.524,346.594,1,0,0
28.387,15.119,7.541,347.066,1,0,0
28.477,9.654,7.503,346.665,1,0,0
28.389,11.138,7.485,346.196,1,0,0
28.435,11.726,7.526,346.972,1,0,0
28.725,14.806,7.545,347.149,1,0,0
28.672,10.267,7.523,346.308,1,0,0
28.633,11.536,7.523,346.148,1,0,0
28.857,35.297,7.697,345.454,1,0,0
28.429,32.5075,7.486,351.297,1,0,0
28.353,29.8865,7.518,353.459,1,0,0
28.261,18.3315,7.477,352.45,1,0,0
28.19,11.1935,7.453,353.343,1,0,0
28.138,12.9085,7.457,349.4,1,0,0
28.246,9.2335,7.418,349.876,1,0,0
28.272,12.27,7.522,340.103,1,0,0
28.381,36.851,7.65,345.983,1,0,0
28.487,31.009,7.616,344.589,1,0,0
28.464,28.336,7.587,344.811,1,0,0
28.424,28.754,7.567,347.238,1,0,0
28.666,32.85,7.597,346.539,1,0,0
28.46,17.015,7.513,347.368,1,0,0
28.279,9.401,7.455,346.287,1,0,0
28.208,5.933,7.463,345.167,1,0,0
28.207,13.156,7.487,343.26,1,0,0
28.219,10.698,7.464,342.933,1,0,0
28.133,8.813,7.468,342.413,1,0,0
28.329,46.061,7.714,343.128,1,0,0
28.486,49.197,7.707,343.137,1,0,0
28.464,47.888,7.718,343.654,1,0,0
28.391,47.733,7.693,345.917,1,0,0
28.66,61.051,7.828,345.77,0,1,0
28.567,34.095,7.612,344.674,1,0,0
28.596,52.454,7.733,344.096,1,0,0
28.546,59.088,7.823,345.437,0,1,0
28.552,61.655,7.814,344.708,0,1,0
28.435,56.861,7.751,345.491,0,1,0
28.48,42.094,7.647,344.044,1,0,0
28.309,28.459,7.593,344.785,1,0,0
28.287,29.199,7.566,346.498,1,0,0
28.591,66.062,7.872,344.976,0,1,0
29.471,105.426,8.318,343.181,0,1,0
30.236,116.834,8.407,342.678,0,1,0
30.459,133.527,8.573,340.037,0,0,1
30.525,174.284,8.819,337.181,0,0,1
30.291,183.501,8.973,335.234,0,0,1
29.619,101.434,8.489,338.662,0,1,0
28.97,55.951,7.935,340.61,0,1,0
28.777,65.606,7.889,343.399,0,1,0
28.962,102.28,8.336,340.783,0,1,0
28.696,91.134,8.229,341.671,0,1,0
28.406,40.582,7.726,345.995,1,0,0
28.696,88.395,8.126,345.597,0,1,0
29.393,113.149,8.44,342.933,0,1,0
29.624,131.222,8.566,341.63,0,0,1
29.552,118.849,8.525,340.289,0,1,0
29.498,121.135,8.522,340.262,0,0,1
28.892,84.348,8.164,343.731,0,1,0
28.741,69.316,7.987,343.962,0,1,0
28.678,68.805,7.964,342.273,0,1,0
28.552,66.556,7.956,342.248,0,1,0
28.427,66.854,7.915,343.207,0,1,0
28.427,83.055,8.117,341.593,0,1,0
28.552,100.036,8.432,341.585,0,1,0
28.928,118.638,8.581,340.79,0,0,1
29.808,147.963,8.755,338.695,0,0,1
29.932,159.548,8.832,337.587,0,0,1
29.805,156.236,8.815,336.258,0,0,1
29.43,148.933,8.789,336.478,0,0,1
28.927,109.188,8.443,340.703,0,1,0
28.803,94.385,8.305,341.035,0,1,0
28.678,91.547,8.257,343.051,0,1,0
28.552,81.408,8.079,343.957,0,1,0
28.552,73.002,8.029,342.606,0,1,0
28.427,60.109,7.897,343.09,0,1,0
28.426,46.798,7.763,344.757,1,0,0
28.929,93.713,8.364,342.87,0,1,0
29.429,118.796,8.519,341.066,0,1,0
29.178,139.053,8.804,335.382,0,0,1
28.928,123.346,8.632,338.639,0,0,1
28.677,86.497,8.304,340.482,0,1,0
28.552,67.481,8.054,342.774,0,1,0
28.427,67.083,7.991,343.526,0,1,0
28.427,55.085,7.82,344.589,0,1,0
28.426,48.603,7.754,344.019,1,0,0
28.301,42.647,7.7,345.231,1,0,0
28.301,39.238,7.669,344.996,1,0,0
28.301,34.475,7.649,344.312,1,0,0
28.375,41.386,7.577,338.378,1,0,0
28.401,64.539,7.808,336.52,0,1,0
28.457,81.696,8.009,339.709,0,1,0
28.384,72.96,7.912,339.721,0,1,0
28.277,60.195,7.786,339.995,0,1,0
28.279,53.564,7.698,338.856,0,1,0
28.196,45.286,7.576,339.401,1,0,0
28.207,31.369,7.479,338.271,1,0,0
28.061,23.596,7.41,339.324,1,0,0
28.052,20.356,7.391,338.754,1,0,0
28.059,19.61,7.387,338.077,1,0,0
28.02,16.193,7.368,338.73,1,0,0
28.142,26.767,7.398,339.175,1,0,0
28.305,64.115,7.799,337.855,0,1,0
28.682,75.674,7.96,336.354,0,1,0
28.582,75.56,8.042,334.525,0,1,0
28.378,65.523,7.923,335.876,0,1,0
28.455,57.315,7.79,336.447,0,1,0
28.289,51.488,7.729,337.327,1,0,0
28.365,46.406,7.686,334.24,1,0,0
28.136,41.101,7.57,337.243,1,0,0
28.167,38.134,7.555,334.413,1,0,0
28.005,32.955,7.522,337.719,1,0,0
28.105,29.116,7.496,337.212,1,0,0
28.1,27.093,7.499,337.119,1,0,0
28.235,35.012,7.528,336.095,1,0,0
28.271,40.785,7.573,338.314,1,0,0
28.34,62.232,7.756,339.99,0,1,0
28.346,59.271,7.722,338.92,0,1,0
28.234,53.403,7.684,337.986,0,1,0
28.183,47.815,7.623,336.958,1,0,0
28.191,39.263,7.533,338.064,1,0,0
28.076,30.549,7.472,339.142,1,0,0
28.011,19.551,7.419,338.619,1,0,0
27.92,15.892,7.405,337.781,1,0,0
27.898,18.334,7.393,339.681,1,0,0
28.103,21.532,7.42,338.015,1,0,0
28.082,19.511,7.389,340.479,1,0,0
28.017,14.861,7.359,340.058,1,0,0
28.13,33.409,7.484,340.581,1,0,0
28.156,46.778,7.621,339.17,1,0,0
28.016,40.785,7.562,339.952,1,0,0
27.923,27.671,7.439,341.06,1,0,0
27.92,18.273,7.383,340.107,1,0,0
27.767,22.813,7.414,341.451,1,0,0
27.751,18.241,7.402,341.458,1,0,0
27.851,12.876,7.357,343.082,1,0,0
27.834,18.864,7.376,342.869,1,0,0
27.895,33.869,7.48,340.565,1,0,0
28.089,37.766,7.519,340.477,1,0,0
28.086,40.932,7.512,340.702,1,0,0
28.002,40.141,7.521,341.646,1,0,0
